algoritmo,repeticao,semente,valor,iteracoes,pioras_aceitas,talhoes
subida_encosta,1,114031,14.019286,2,0,"(0,3) -> (0,5) -> (1,1) -> (1,6) -> (2,6) -> (3,7) -> (3,9) -> (4,2) -> (4,3) -> (5,0) -> (6,11) -> (8,5) -> (8,6) -> (8,7) -> (11,3)"
subida_encosta,2,114032,13.220088,2,0,"(0,1) -> (1,1) -> (1,6) -> (2,7) -> (4,6) -> (5,3) -> (5,9) -> (6,0) -> (7,1) -> (7,11) -> (8,0) -> (9,7) -> (10,4) -> (10,11) -> (11,3)"
subida_encosta,3,114033,14.255337,2,0,"(0,10) -> (1,5) -> (2,4) -> (5,9) -> (6,4) -> (6,6) -> (7,8) -> (8,6) -> (9,7) -> (10,1) -> (10,8) -> (10,11) -> (11,5) -> (11,7) -> (11,11)"
subida_encosta,4,114034,14.142815,1,0,"(2,0) -> (2,4) -> (4,1) -> (4,3) -> (4,6) -> (4,9) -> (5,1) -> (5,2) -> (5,11) -> (7,1) -> (8,4) -> (8,8) -> (9,2) -> (9,3) -> (11,9)"
subida_encosta,5,114035,14.114991,1,0,"(1,3) -> (1,5) -> (1,6) -> (2,1) -> (2,2) -> (2,3) -> (3,10) -> (4,1) -> (4,8) -> (6,3) -> (8,4) -> (10,6) -> (10,7) -> (11,0) -> (11,5)"
subida_encosta,6,114036,13.86836,1,0,"(3,1) -> (3,6) -> (3,9) -> (4,6) -> (4,8) -> (5,0) -> (5,5) -> (6,8) -> (7,10) -> (8,7) -> (9,3) -> (9,8) -> (9,11) -> (10,5) -> (11,10)"
subida_encosta,7,114037,14.049444,2,0,"(1,4) -> (2,10) -> (3,3) -> (3,5) -> (3,7) -> (4,0) -> (5,4) -> (6,1) -> (6,4) -> (6,6) -> (8,8) -> (9,5) -> (9,6) -> (9,7) -> (10,10)"
subida_encosta,8,114038,14.324419,1,0,"(1,8) -> (2,6) -> (4,6) -> (4,9) -> (5,2) -> (5,4) -> (5,9) -> (5,10) -> (7,3) -> (8,5) -> (9,3) -> (9,8) -> (9,10) -> (11,5) -> (11,11)"
subida_encosta,9,114039,13.77148,1,0,"(0,0) -> (1,6) -> (2,4) -> (3,6) -> (3,7) -> (5,11) -> (6,0) -> (6,6) -> (6,8) -> (7,3) -> (9,9) -> (10,4) -> (11,1) -> (11,4) -> (11,6)"
subida_encosta,10,114040,14.294526,1,0,"(0,6) -> (1,6) -> (1,9) -> (2,2) -> (3,6) -> (4,4) -> (5,2) -> (7,5) -> (7,8) -> (7,10) -> (8,4) -> (9,3) -> (9,9) -> (10,10) -> (11,8)"
subida_encosta,11,114041,13.887548,1,0,"(0,4) -> (1,8) -> (2,3) -> (3,1) -> (3,2) -> (3,6) -> (4,9) -> (5,2) -> (5,5) -> (6,5) -> (7,2) -> (7,11) -> (8,2) -> (10,6) -> (10,8)"
subida_encosta,12,114042,13.998294,1,0,"(1,0) -> (2,4) -> (2,6) -> (2,9) -> (2,10) -> (4,8) -> (5,10) -> (6,0) -> (6,3) -> (6,9) -> (7,3) -> (8,7) -> (10,9) -> (11,1) -> (11,2)"
subida_encosta,13,114043,14.518233,1,0,"(1,3) -> (1,4) -> (2,2) -> (2,11) -> (4,4) -> (5,4) -> (5,9) -> (6,3) -> (6,11) -> (8,4) -> (9,10) -> (10,0) -> (10,1) -> (11,1) -> (11,4)"
subida_encosta,14,114044,13.906437,1,0,"(1,0) -> (2,4) -> (4,6) -> (4,11) -> (5,10) -> (6,3) -> (6,6) -> (6,7) -> (6,9) -> (7,1) -> (9,3) -> (9,7) -> (10,9) -> (10,11) -> (11,11)"
subida_encosta,15,114045,14.300366,2,0,"(0,5) -> (0,10) -> (1,3) -> (4,6) -> (4,7) -> (5,4) -> (5,10) -> (6,4) -> (7,3) -> (9,3) -> (9,8) -> (10,5) -> (10,6) -> (11,2) -> (11,10)"
subida_encosta,16,114046,13.79094,1,0,"(0,9) -> (1,1) -> (2,3) -> (2,9) -> (3,6) -> (4,11) -> (5,10) -> (6,7) -> (7,5) -> (7,7) -> (8,7) -> (8,8) -> (9,2) -> (9,5) -> (11,4)"
subida_encosta,17,114047,14.151226,1,0,"(0,6) -> (1,2) -> (1,8) -> (2,8) -> (2,10) -> (3,2) -> (3,9) -> (4,1) -> (5,10) -> (6,0) -> (6,8) -> (8,2) -> (8,11) -> (10,0) -> (11,7)"
subida_encosta,18,114048,14.500528,1,0,"(0,6) -> (1,1) -> (1,8) -> (2,1) -> (2,9) -> (5,5) -> (5,11) -> (6,0) -> (6,6) -> (7,8) -> (7,11) -> (8,0) -> (10,5) -> (10,11) -> (11,8)"
subida_encosta,19,114049,13.937728,1,0,"(0,10) -> (1,4) -> (1,7) -> (2,2) -> (2,4) -> (3,5) -> (3,7) -> (4,3) -> (4,4) -> (4,6) -> (4,9) -> (8,2) -> (8,7) -> (10,1) -> (11,11)"
subida_encosta,20,114050,14.186648,3,0,"(0,1) -> (1,2) -> (2,0) -> (2,3) -> (2,6) -> (2,11) -> (4,8) -> (6,8) -> (7,10) -> (8,10) -> (9,11) -> (10,5) -> (10,6) -> (10,9) -> (11,11)"
subida_encosta,21,114051,14.323628,1,0,"(1,0) -> (1,1) -> (2,9) -> (3,1) -> (4,0) -> (4,7) -> (4,11) -> (5,10) -> (7,1) -> (7,5) -> (8,4) -> (8,7) -> (9,7) -> (9,10) -> (10,7)"
subida_encosta,22,114052,13.423011,1,0,"(2,2) -> (3,6) -> (3,10) -> (6,1) -> (6,3) -> (6,4) -> (6,5) -> (6,11) -> (8,4) -> (9,11) -> (10,7) -> (11,0) -> (11,3) -> (11,6) -> (11,9)"
subida_encosta,23,114053,14.128099,1,0,"(0,0) -> (0,10) -> (1,3) -> (1,4) -> (2,4) -> (2,10) -> (3,2) -> (3,5) -> (5,6) -> (5,9) -> (6,0) -> (9,10) -> (10,7) -> (10,8) -> (11,8)"
subida_encosta,24,114054,13.869498,1,0,"(0,3) -> (1,7) -> (4,1) -> (5,6) -> (6,1) -> (6,5) -> (7,0) -> (7,10) -> (7,11) -> (9,8) -> (10,5) -> (10,8) -> (10,9) -> (11,2) -> (11,7)"
subida_encosta,25,114055,14.205136,2,0,"(1,3) -> (1,6) -> (2,3) -> (2,9) -> (3,9) -> (4,4) -> (4,8) -> (4,10) -> (4,11) -> (5,9) -> (6,1) -> (9,0) -> (11,2) -> (11,3) -> (11,6)"
subida_encosta,26,114056,14.292435,1,0,"(1,2) -> (1,9) -> (2,3) -> (3,6) -> (5,2) -> (6,3) -> (6,8) -> (7,1) -> (7,2) -> (7,11) -> (8,1) -> (8,11) -> (11,1) -> (11,2) -> (11,6)"
subida_encosta,27,114057,14.172303,1,0,"(0,3) -> (1,3) -> (3,3) -> (3,6) -> (5,9) -> (6,5) -> (6,8) -> (6,9) -> (7,7) -> (7,8) -> (8,11) -> (9,10) -> (10,4) -> (11,3) -> (11,8)"
subida_encosta,28,114058,14.082952,1,0,"(0,4) -> (1,4) -> (2,0) -> (2,7) -> (4,6) -> (5,10) -> (6,11) -> (7,0) -> (8,0) -> (8,2) -> (8,6) -> (9,2) -> (9,7) -> (10,5) -> (11,9)"
subida_encosta,29,114059,13.655612,2,0,"(0,5) -> (1,4) -> (1,5) -> (1,7) -> (2,2) -> (2,5) -> (3,11) -> (4,7) -> (7,5) -> (7,7) -> (8,4) -> (9,10) -> (11,0) -> (11,1) -> (11,11)"
subida_encosta,30,114060,14.029007,1,0,"(0,6) -> (1,2) -> (2,0) -> (2,9) -> (3,11) -> (4,0) -> (4,9) -> (4,10) -> (5,2) -> (5,3) -> (5,9) -> (6,0) -> (6,8) -> (10,4) -> (11,10)"
tempera_simulada,1,114031,14.087985,1976,14,"(0,3) -> (1,1) -> (2,7) -> (3,7) -> (4,2) -> (4,3) -> (5,0) -> (6,11) -> (8,5) -> (8,6) -> (8,7) -> (9,0) -> (10,8) -> (10,11) -> (11,3)"
tempera_simulada,2,114032,13.265026,1976,16,"(0,1) -> (1,1) -> (1,6) -> (2,7) -> (4,6) -> (5,3) -> (5,9) -> (5,10) -> (6,0) -> (7,1) -> (7,11) -> (8,0) -> (10,4) -> (10,11) -> (11,3)"
tempera_simulada,3,114033,14.250471,1976,16,"(1,5) -> (2,4) -> (5,9) -> (5,11) -> (6,4) -> (7,8) -> (8,6) -> (9,7) -> (10,1) -> (10,8) -> (10,11) -> (11,5) -> (11,7) -> (11,10) -> (11,11)"
tempera_simulada,4,114034,14.157496,1976,22,"(2,0) -> (2,4) -> (4,1) -> (4,6) -> (4,9) -> (5,1) -> (5,2) -> (5,11) -> (6,0) -> (7,1) -> (8,4) -> (8,8) -> (9,3) -> (10,1) -> (11,9)"
tempera_simulada,5,114035,14.114991,1976,26,"(1,3) -> (1,5) -> (1,6) -> (2,1) -> (2,2) -> (2,3) -> (3,10) -> (4,1) -> (4,8) -> (6,3) -> (8,4) -> (10,6) -> (10,7) -> (11,0) -> (11,5)"
tempera_simulada,6,114036,13.881216,1976,32,"(1,5) -> (3,1) -> (3,6) -> (3,9) -> (4,6) -> (4,8) -> (5,0) -> (5,5) -> (6,8) -> (7,10) -> (8,7) -> (9,3) -> (9,8) -> (9,11) -> (11,10)"
tempera_simulada,7,114037,14.134929,1976,27,"(1,10) -> (2,10) -> (3,3) -> (3,7) -> (4,0) -> (4,10) -> (5,4) -> (6,1) -> (6,4) -> (6,6) -> (8,8) -> (9,5) -> (9,6) -> (9,7) -> (10,10)"
tempera_simulada,8,114038,14.376686,1976,20,"(0,5) -> (1,8) -> (2,6) -> (4,6) -> (4,9) -> (5,2) -> (5,4) -> (5,9) -> (5,10) -> (6,0) -> (7,3) -> (8,5) -> (9,3) -> (11,5) -> (11,11)"
tempera_simulada,9,114039,13.821997,1976,17,"(0,0) -> (1,6) -> (1,10) -> (2,4) -> (3,6) -> (3,7) -> (5,0) -> (6,0) -> (6,6) -> (6,8) -> (7,3) -> (9,9) -> (10,4) -> (11,4) -> (11,6)"
tempera_simulada,10,114040,14.374095,1976,21,"(0,6) -> (1,0) -> (1,6) -> (1,9) -> (2,10) -> (3,6) -> (4,4) -> (6,11) -> (7,5) -> (7,8) -> (7,10) -> (8,4) -> (9,3) -> (9,9) -> (10,10)"
tempera_simulada,11,114041,13.998569,1976,36,"(0,4) -> (1,8) -> (2,3) -> (3,1) -> (3,2) -> (3,6) -> (4,8) -> (4,9) -> (5,2) -> (6,5) -> (7,0) -> (7,2) -> (7,8) -> (10,6) -> (10,8)"
tempera_simulada,12,114042,14.007272,1976,31,"(0,10) -> (1,0) -> (2,4) -> (2,6) -> (2,9) -> (2,10) -> (4,8) -> (5,10) -> (6,0) -> (6,3) -> (6,9) -> (7,3) -> (8,7) -> (11,1) -> (11,2)"
tempera_simulada,13,114043,14.518233,1976,20,"(1,3) -> (1,4) -> (2,2) -> (2,11) -> (4,4) -> (5,4) -> (5,9) -> (6,3) -> (6,11) -> (8,4) -> (9,10) -> (10,0) -> (10,1) -> (11,1) -> (11,4)"
tempera_simulada,14,114044,13.942521,1976,26,"(2,4) -> (4,6) -> (4,11) -> (5,10) -> (6,3) -> (6,6) -> (6,7) -> (6,9) -> (7,1) -> (8,10) -> (9,3) -> (9,7) -> (10,9) -> (10,11) -> (11,11)"
tempera_simulada,15,114045,14.379601,1976,29,"(0,5) -> (0,10) -> (1,8) -> (4,6) -> (4,7) -> (5,4) -> (5,6) -> (5,10) -> (6,4) -> (7,3) -> (9,3) -> (9,7) -> (9,8) -> (10,5) -> (11,10)"
tempera_simulada,16,114046,13.884371,1976,28,"(0,0) -> (0,9) -> (2,3) -> (2,9) -> (3,6) -> (4,11) -> (5,2) -> (5,10) -> (6,7) -> (7,2) -> (7,7) -> (8,7) -> (8,8) -> (9,2) -> (9,5)"
tempera_simulada,17,114047,14.20706,1976,26,"(0,6) -> (1,2) -> (2,8) -> (2,10) -> (3,1) -> (3,2) -> (3,9) -> (4,1) -> (5,0) -> (5,10) -> (6,8) -> (8,11) -> (9,0) -> (10,0) -> (11,7)"
tempera_simulada,18,114048,14.510844,1976,21,"(0,6) -> (1,1) -> (1,8) -> (2,1) -> (2,9) -> (5,5) -> (5,11) -> (6,0) -> (6,6) -> (6,9) -> (7,8) -> (7,11) -> (8,0) -> (10,5) -> (10,11)"
tempera_simulada,19,114049,14.001903,1976,21,"(0,10) -> (1,4) -> (1,7) -> (2,4) -> (3,5) -> (4,0) -> (4,3) -> (4,4) -> (4,6) -> (4,9) -> (5,2) -> (5,9) -> (8,2) -> (8,7) -> (10,1)"
tempera_simulada,20,114050,14.254962,1976,24,"(0,1) -> (2,0) -> (2,3) -> (2,6) -> (2,11) -> (4,8) -> (5,9) -> (6,8) -> (7,8) -> (7,10) -> (8,4) -> (8,10) -> (9,11) -> (10,5) -> (10,6)"
tempera_simulada,21,114051,14.385747,1976,31,"(1,0) -> (1,1) -> (2,9) -> (3,1) -> (4,0) -> (4,7) -> (4,11) -> (5,3) -> (5,10) -> (7,1) -> (7,5) -> (8,4) -> (9,10) -> (10,7) -> (11,6)"
tempera_simulada,22,114052,13.746747,1976,34,"(2,1) -> (2,2) -> (3,6) -> (3,10) -> (4,1) -> (4,4) -> (6,1) -> (6,3) -> (6,5) -> (6,11) -> (8,4) -> (9,11) -> (10,7) -> (11,0) -> (11,9)"
tempera_simulada,23,114053,14.128099,1976,16,"(0,0) -> (0,10) -> (1,3) -> (1,4) -> (2,4) -> (2,10) -> (3,2) -> (3,5) -> (5,6) -> (5,9) -> (6,0) -> (9,10) -> (10,7) -> (10,8) -> (11,8)"
tempera_simulada,24,114054,13.869498,1976,28,"(0,3) -> (1,7) -> (4,1) -> (5,6) -> (6,1) -> (6,5) -> (7,0) -> (7,10) -> (7,11) -> (9,8) -> (10,5) -> (10,8) -> (10,9) -> (11,2) -> (11,7)"
tempera_simulada,25,114055,14.291918,1976,24,"(1,3) -> (1,6) -> (2,3) -> (2,5) -> (2,9) -> (3,9) -> (4,4) -> (4,8) -> (4,10) -> (4,11) -> (5,9) -> (6,1) -> (9,0) -> (11,0) -> (11,3)"
tempera_simulada,26,114056,14.361407,1976,29,"(1,0) -> (1,2) -> (1,9) -> (3,6) -> (3,9) -> (5,2) -> (6,8) -> (7,1) -> (7,2) -> (7,11) -> (8,1) -> (8,11) -> (11,1) -> (11,2) -> (11,6)"
tempera_simulada,27,114057,14.172303,1976,28,"(0,3) -> (1,3) -> (3,3) -> (3,6) -> (5,9) -> (6,5) -> (6,8) -> (6,9) -> (7,7) -> (7,8) -> (8,11) -> (9,10) -> (10,4) -> (11,3) -> (11,8)"
tempera_simulada,28,114058,14.203711,1976,22,"(0,4) -> (1,4) -> (2,0) -> (3,2) -> (4,6) -> (5,10) -> (6,11) -> (7,0) -> (7,6) -> (8,0) -> (8,5) -> (8,6) -> (9,2) -> (9,7) -> (10,5)"
tempera_simulada,29,114059,13.671629,1976,18,"(0,5) -> (1,4) -> (1,5) -> (1,7) -> (2,2) -> (2,5) -> (3,11) -> (7,5) -> (7,7) -> (8,4) -> (9,10) -> (10,1) -> (11,0) -> (11,1) -> (11,11)"
tempera_simulada,30,114060,14.11539,1976,30,"(0,6) -> (1,2) -> (2,9) -> (3,11) -> (4,0) -> (4,9) -> (4,10) -> (4,11) -> (5,2) -> (5,3) -> (6,0) -> (6,8) -> (10,4) -> (11,7) -> (11,10)"
